strategy,strategy_label,mean_esr_bps_hz,median_esr_bps_hz,percentile_10_esr_bps_hz,percentile_90_esr_bps_hz,min_esr_bps_hz,max_esr_bps_hz
central_massive_mimo,Central massive MIMO,31.050942349306187,29.388060520844718,13.574780928649652,46.658591364961765,8.351879175237302,59.41311364918553
distributed_fixed,Distributed fixed,66.36213510057856,64.43348444712306,52.765758673086395,82.36838942035403,42.0731339491845,96.5037111538936
distributed_movable,Distributed movable,108.96498313765727,110.17224427135669,81.21064755149817,129.11742351979854,65.48430105881717,150.63669788463133
