strategy,strategy_label,mean_esr_bps_hz,median_esr_bps_hz,percentile_10_esr_bps_hz,percentile_90_esr_bps_hz,min_esr_bps_hz,max_esr_bps_hz
central_massive_mimo,Central massive MIMO,55.17769445130184,55.857717783721796,40.35202657223185,68.6439448199708,23.967549765039603,89.4807353432115
distributed_fixed,Distributed fixed,72.68472149762174,72.95115333078962,55.55519189423678,89.64692375008532,34.711113686655594,112.3530866835263
distributed_movable,Distributed movable,103.84016332113167,105.40057522909441,71.63695604831567,131.75734557043478,50.67976257689921,163.31063547952104
