strategy,strategy_label,num_snapshots,num_users,mean_sinr_db,median_sinr_db,percentile_10_db,percentile_90_db,min_sinr_db,max_sinr_db,outage_at_0db,mean_worst_user_sinr_db,percentile_10_worst_user_sinr_db
central_massive_mimo,Central massive MIMO,61,10,-57.05697131680205,-120.0,-120.0,32.637745076241956,-120.0,54.524103083028095,0.6213114754098361,-120.0,-120.0
distributed_fixed,Distributed fixed,61,10,7.361402068083904,20.7709538055459,-15.938483640186591,37.49619925146239,-120.0,63.535468133294685,0.18032786885245902,-95.04567475594979,-120.0
distributed_movable,Distributed movable,61,10,19.599554785718897,33.755053209272,-120.0,56.76759889614638,-120.0,78.70803472755938,0.12950819672131147,-90.47980493375753,-120.0
