strategy,strategy_label,num_snapshots,num_users,mean_sinr_db,median_sinr_db,percentile_10_db,percentile_90_db,min_sinr_db,max_sinr_db,outage_at_0db,mean_worst_user_sinr_db,percentile_10_worst_user_sinr_db
central_massive_mimo,Central massive MIMO,721,10,9.834940092152696,17.156099552557897,-22.127264980574303,33.46338145721993,-120.0,46.42846006795288,0.18391123439667129,-49.31503175906745,-120.0
distributed_fixed,Distributed fixed,721,10,21.344067574670795,21.791279330488013,7.495156305529935,39.568605632493615,-120.0,72.96480373334721,0.04410540915395284,-3.2323696102094277,-33.58059151972804
distributed_movable,Distributed movable (Opt. 1),721,10,22.80524486737904,26.3872999861551,-7.7622771830967645,56.16251538510005,-120.0,88.8636731909289,0.14674063800277393,-19.665564543237053,-86.77553147677457
distributed_movable_optimization_2,Distributed movable (Opt. 2),721,10,39.72549983988766,40.045327589622744,24.49319790655444,57.17461500436564,-120.0,91.73757113210094,0.01872399445214979,16.578093871514838,-4.8876987881438305
distributed_movable_optimization_3,Distributed movable (Opt. 3),721,10,35.7203147104716,37.35521247380687,16.330518387665943,56.607439669758584,-120.0,91.76468053958777,0.04424410540915395,5.1136957206558336,-28.512277639032114
