esr_bps_hz,cdf,window_index,window_style
11.947085229716036,0.16666666666666666,5,dashed
14.996557770759159,0.3333333333333333,5,dashed
33.139803293173436,0.5,5,dashed
34.1282258191259,0.6666666666666666,5,dashed
44.120464713077034,0.8333333333333334,5,dashed
50.835591079532804,1.0,5,dashed
