esr_bps_hz,cdf,window_index,window_style
28.923710150917564,0.16666666666666666,3,dash dot
33.256951888380364,0.3333333333333333,3,dash dot
35.26931168783166,0.5,3,dash dot
37.35816924867525,0.6666666666666666,3,dash dot
41.059910516946125,0.8333333333333334,3,dash dot
42.9485844793552,1.0,3,dash dot
