esr_bps_hz,cdf,window_index,window_style
9.75504536100278,0.16666666666666666,2,dotted
29.388060520844718,0.3333333333333333,2,dotted
33.75111027652394,0.5,2,dotted
35.319510541892846,0.6666666666666666,2,dotted
36.79361082781885,0.8333333333333334,2,dotted
50.3842334617642,1.0,2,dotted
