esr_bps_hz,cdf,window_index,window_style
43.48847761845601,0.16666666666666666,4,solid
43.555685464592756,0.3333333333333333,4,solid
55.58303201827515,0.5,4,solid
56.94902864057673,0.6666666666666666,4,solid
57.7490260899271,0.8333333333333334,4,solid
59.41311364918553,1.0,4,solid
