esr_bps_hz,cdf,window_index,window_style
13.574780928649652,0.16666666666666666,0,solid
16.950685193499343,0.3333333333333333,0,solid
22.9227013581886,0.5,0,solid
24.06920028744897,0.6666666666666666,0,solid
26.12148844815063,0.8333333333333334,0,solid
32.996470629432416,1.0,0,solid
