esr_bps_hz,cdf,window_index,window_style
63.28321148625037,0.16666666666666666,5,dashed
64.43348444712306,0.3333333333333333,5,dashed
72.34202521374696,0.5,5,dashed
73.30164416186312,0.6666666666666666,5,dashed
74.75224083950305,0.8333333333333334,5,dashed
82.36838942035403,1.0,5,dashed
