esr_bps_hz,cdf,window_index,window_style
62.18794585460151,0.16666666666666666,6,dotted
63.71025374096061,0.3333333333333333,6,dotted
68.74617202612025,0.5,6,dotted
69.76838722417524,0.6666666666666666,6,dotted
75.05713178333059,0.8333333333333334,6,dotted
85.45451016905977,1.0,6,dotted
