esr_bps_hz,cdf,window_index,window_style
51.667490491563534,0.16666666666666666,1,dashed
61.12898887202532,0.3333333333333333,1,dashed
72.24984029711668,0.5,1,dashed
77.4939874996047,0.6666666666666666,1,dashed
79.28050233601424,0.8333333333333334,1,dashed
84.24005685810444,1.0,1,dashed
