esr_bps_hz,cdf,window_index,window_style
52.49941077161445,0.16666666666666666,8,solid
54.073368821855944,0.3333333333333333,8,solid
68.93652530115298,0.5,8,solid
70.8176204844407,0.6666666666666666,8,solid
79.73653919902797,0.8333333333333334,8,solid
80.41622051454054,1.0,8,solid
