esr_bps_hz,cdf,window_index,window_style
42.0731339491845,0.16666666666666666,2,dotted
52.94598010977054,0.3333333333333333,2,dotted
55.567150311457816,0.5,2,dotted
63.02806733307999,0.6666666666666666,2,dotted
68.32318622865493,0.8333333333333334,2,dotted
78.23637648115505,1.0,2,dotted
