esr_bps_hz,cdf,window_index,window_style
13.464629984001158,0.16666666666666666,7,dash dot
20.687478010568203,0.3333333333333333,7,dash dot
22.423102439563984,0.5,7,dash dot
22.989922085319293,0.6666666666666666,7,dash dot
26.063224018197687,0.8333333333333334,7,dash dot
28.8606184879134,1.0,7,dash dot
