esr_bps_hz,cdf,window_index,window_style
61.965340389506125,0.16666666666666666,0,solid
68.33109441845342,0.3333333333333333,0,solid
82.97178438130635,0.5,0,solid
86.81459713488812,0.6666666666666666,0,solid
87.10407994530098,0.8333333333333334,0,solid
96.5037111538936,1.0,0,solid
