esr_bps_hz,cdf,window_index,window_style
21.932999691838535,0.16666666666666666,1,dashed
22.05317024481107,0.3333333333333333,1,dashed
25.381348516867476,0.5,1,dashed
43.30989813010027,0.6666666666666666,1,dashed
44.058183202626296,0.8333333333333334,1,dashed
46.658591364961765,1.0,1,dashed
