esr_bps_hz,cdf,window_index,window_style
99.01934096560002,0.16666666666666666,8,solid
108.435543203315,0.3333333333333333,8,solid
111.72011995941205,0.5,8,solid
116.75810750800964,0.6666666666666666,8,solid
123.56191649201193,0.8333333333333334,8,solid
131.17942701553852,1.0,8,solid
