esr_bps_hz,cdf,window_index,window_style
97.3551706801642,0.16666666666666666,4,solid
97.50216387487862,0.3333333333333333,4,solid
99.26224267472331,0.5,4,solid
101.56833239069206,0.6666666666666666,4,solid
110.04572942979067,0.8333333333333334,4,solid
111.143925444748,1.0,4,solid
