esr_bps_hz,cdf,window_index,window_style
20.964159705846097,0.16666666666666666,9,dashed
27.55748880294007,0.3333333333333333,9,dashed
27.67227430946393,0.5,9,dashed
28.186955648376273,0.6666666666666666,9,dashed
31.521451200384593,0.8333333333333334,9,dashed
37.04306344072918,1.0,9,dashed
