esr_bps_hz,cdf,window_index,window_style
81.21064755149817,0.16666666666666666,6,dotted
105.64092220537637,0.3333333333333333,6,dotted
105.67754237807847,0.5,6,dotted
106.61866775398434,0.6666666666666666,6,dotted
112.70216942968483,0.8333333333333334,6,dotted
116.4019203327538,1.0,6,dotted
