esr_bps_hz,cdf,window_index,window_style
62.090040803228916,0.16666666666666666,4,solid
62.68960057561013,0.3333333333333333,4,solid
68.04185866716051,0.5,4,solid
69.44725492690404,0.6666666666666666,4,solid
77.01081211929257,0.8333333333333334,4,solid
77.27736052676056,1.0,4,solid
