esr_bps_hz,cdf,window_index,window_style
86.70702082918164,0.16666666666666666,1,dashed
96.42926969629909,0.3333333333333333,1,dashed
100.23972247472494,0.5,1,dashed
101.02328069444894,0.6666666666666666,1,dashed
108.52344010915849,0.8333333333333334,1,dashed
109.10619573188211,1.0,1,dashed
