esr_bps_hz,cdf,window_index,window_style
12.657449701416029,0.16666666666666666,6,dotted
13.172738305396095,0.3333333333333333,6,dotted
20.485571469200575,0.5,6,dotted
22.636335022323138,0.6666666666666666,6,dotted
23.18211787396111,0.8333333333333334,6,dotted
23.273437238085194,1.0,6,dotted
