esr_bps_hz,cdf,window_index,window_style
110.17224427135669,0.16666666666666666,2,dotted
113.7315560847313,0.3333333333333333,2,dotted
116.72022261049385,0.5,2,dotted
121.57266473273336,0.6666666666666666,2,dotted
123.30119483942278,0.8333333333333334,2,dotted
124.84555896872322,1.0,2,dotted
