esr_bps_hz,cdf,window_index,window_style
65.48430105881717,0.16666666666666666,0,solid
68.4699006240589,0.3333333333333333,0,solid
74.97637387650875,0.5,0,solid
80.96976312269533,0.6666666666666666,0,solid
86.88956394711326,0.8333333333333334,0,solid
87.4587255046802,1.0,0,solid
