esr_bps_hz,cdf,window_index,window_style
52.765758673086395,0.16666666666666666,7,dash dot
59.62604398749558,0.3333333333333333,7,dash dot
62.23076682313673,0.5,7,dash dot
65.84346653197018,0.6666666666666666,7,dash dot
66.33395471666321,0.8333333333333334,7,dash dot
68.28054085353344,1.0,7,dash dot
