esr_bps_hz,cdf,window_index,window_style
80.04333023773418,0.16666666666666666,3,dash dot
80.82164348808885,0.3333333333333333,3,dash dot
95.90126400816052,0.5,3,dash dot
102.1438326743868,0.6666666666666666,3,dash dot
116.81813567927182,0.8333333333333334,3,dash dot
118.60144998881391,1.0,3,dash dot
