esr_bps_hz,cdf,window_index,window_style
44.3788214730754,0.16666666666666666,3,dash dot
48.122319372208516,0.3333333333333333,3,dash dot
59.41129546900062,0.5,3,dash dot
60.27579406883936,0.6666666666666666,3,dash dot
60.859185591015745,0.8333333333333334,3,dash dot
63.63070396005103,1.0,3,dash dot
