esr_bps_hz,cdf,window_index,window_style
113.54855940217021,0.16666666666666666,5,dashed
118.32134201671492,0.3333333333333333,5,dashed
125.44758725995646,0.5,5,dashed
128.3552613225339,0.6666666666666666,5,dashed
129.05259030704602,0.8333333333333334,5,dashed
129.11742351979854,1.0,5,dashed
