window_index,start_time_s,end_time_s,ap_id,x_m,y_m,z_m,source
0,0.0,595.0,central_ap_01,-10.69973556713559,-14.315614351537079,13.5,selected:roof_Blok_A
1,600.0,1195.0,central_ap_01,-10.69973556713559,-14.315614351537079,13.5,selected:roof_Blok_A
2,1200.0,1795.0,central_ap_01,-10.69973556713559,-14.315614351537079,13.5,selected:roof_Blok_A
3,1800.0,2395.0,central_ap_01,-10.69973556713559,-14.315614351537079,13.5,selected:roof_Blok_A
4,2400.0,2995.0,central_ap_01,-10.69973556713559,-14.315614351537079,13.5,selected:roof_Blok_A
5,3000.0,3595.0,central_ap_01,-10.69973556713559,-14.315614351537079,13.5,selected:roof_Blok_A
6,3600.0,3600.0,central_ap_01,-10.69973556713559,-14.315614351537079,13.5,selected:roof_Blok_A
