site_id,x_m,y_m,z_m,yaw_deg,pitch_deg,mount_type,enabled,source,selected
movable_ap_01,5.756071545601453,81.83956379649034,1.5,-136.97793291876712,-10.0,facade,True,relocated:wall_Blok_D_02_00,True
movable_ap_02,32.19266995174738,62.415640891581276,1.5,-137.19010763989937,-10.0,facade,True,relocated:wall_Blok_E_07_01,True
movable_ap_03,-33.6145433822281,-35.4641370329155,1.5,13.061491925098588,-10.0,facade,True,relocated:wall_Blok_G_02_01,True
movable_ap_04,95.70809990996455,-12.926250545613614,1.5,-136.70150989672175,-10.0,facade,True,relocated:wall_Blok_L_1_00_00,True
movable_ap_05,-65.84575414895676,-44.23516504324114,1.5,-28.689063217875535,-10.0,facade,True,relocated:wall_Blok_H_02_01,True
movable_ap_06,17.337276371432104,78.45245175211339,1.5,-137.19010763989937,-10.0,facade,True,relocated:wall_Blok_E_07_02,True
