bin_center_m,count
19.222164001906233,102
33.609136342447606,53
47.99610868298898,23
62.38308102353035,7
76.77005336407173,6
91.1570257046131,4
105.54399804515448,8
119.93097038569586,4
134.31794272623722,5
148.7049150667786,6
163.09188740731997,6
177.47885974786135,4
