bin_center_m,count
18.097236128599675,4
30.159005825248002,4
42.22077552189633,4
54.282545218544655,5
66.34431491519298,2
78.40608461184131,3
90.46785430848963,4
102.52962400513796,1
114.59139370178629,2
126.65316339843461,2
138.71493309508293,0
150.77670279173128,1
